name,meaning,description,visual_elements,unicode,category
Gye Nyame,"Except for God","Symbol of God's omnipotence and supremacy","Circular design with radiating patterns",,spiritual
Sankofa,"Look back and fetch it","Learn from the past to move forward","Bird with head turned backward or heart shape",,wisdom
Dwennimmen,"Ram's horns","Humility and strength","Curved symmetrical horn patterns",,strength
Nyame Dua,"Tree of God","God's presence and protection","Stylized tree with branches",,spiritual
Adwo,Calmness,"Peace and tranquility","Gentle flowing curves",,peace
Aya,Fern,"Endurance and resourcefulness","Delicate fern frond pattern",,resilience
Akoma,Heart,"Patience and tolerance","Heart-shaped design",,love
Ese Ne Tekrema,"Teeth and tongue","Friendship and interdependence","Interlocking pattern",,unity
Fihankra,House,"Security and safety","Square design with internal patterns",,protection
Hwemudua,"Measuring stick","Excellence and superior quality","Linear measurement design",,excellence
Nkyinkyim,"Twisting","Initiative and dynamism","Spiraling twisted pattern",,initiative
Okodee Mmowere,"Eagle's talons","Courage and power","Curved talon design",,courage
Pempamsie,"Sew in readiness","Preparedness and readiness","Chain-like pattern",,preparedness
Mmra Krado,"Lock","Security and protection","Interlocking square pattern",,security
Bese Saka,"Sack of cola nuts","Affluence and abundance","Circular container design",,prosperity
Duafe,"Wooden comb","Beauty and cleanliness","Comb-like pattern",,beauty
Mpatapo,"Knot of pacification","Peacemaking and reconciliation","Interwoven knot design",,peace
Nea Onnim,"He who does not know","Continuous learning","Question mark-like symbol",,learning
Osrane,"Moon","Patience and faithfulness","Crescent moon design",,patience
Nyame Nnwu Na Mawu,"God never dies","God's eternal nature","Infinity-like symbol",,eternity
Akoben,"War horn","Vigilance and wariness","Horn or trumpet shape",,vigilance
Denkyem,"Crocodile","Adaptability","Stylized crocodile design",,adaptability
Hye Won Hye,"That which does not burn","Imperishability and endurance","Fire-resistant symbol",,endurance
Mate Masie,"What I hear I keep","Wisdom and knowledge","Ear-like design",,wisdom
Wawa Aba,"Seed of the wawa tree","Hardiness and perseverance","Seed or circular design",,perseverance